INSERT INTO CC105613.CLIENTES(ID_CLIENTE, NOME)
VALUES (1, 'João Ferreira');

INSERT INTO CC105613.CLIENTES(ID_CLIENTE, NOME)
VALUES (2, 'Maria Dorneles');

INSERT INTO CC105613.CLIENTES(ID_CLIENTE, NOME)
VALUES (3, 'Echelon Engenharia');

INSERT INTO CC105613.CLIENTES(ID_CLIENTE, NOME)
VALUES (4, 'Interconnect Indústria');



INSERT INTO CC105613.PESSOAS_FISICAS (ID_CLIENTE, CPF, RG)
VALUES (1, 12345678900, 123456789);

INSERT INTO CC105613.PESSOAS_FISICAS (ID_CLIENTE, CPF, RG)
VALUES (2, 98765432100, 987654321);



INSERT INTO CC105613.PESSOAS_JURIDICAS (ID_CLIENTE, CNPJ, INSCRICAO_ESTADUAL)
VALUES (3, 12345678901, 123456789);

INSERT INTO CC105613.PESSOAS_JURIDICAS (ID_CLIENTE, CNPJ, INSCRICAO_ESTADUAL)
VALUES (4, 98765432101, 987654321);



INSERT INTO CC105613.CAMINHOES (PLACA, MARCA, MODELO, ANO_FABRICACAO)
VALUES ('ABC1234', 'VOLVO', 'FH', 2010);

INSERT INTO CC105613.CAMINHOES (PLACA, MARCA, MODELO, ANO_FABRICACAO)
VALUES ('DEF5678', 'SCANIA', 'R500', 2012);



INSERT INTO CC105613.CIDADES(ID_CIDADE, NOME, UNIDADE_FEDERATIVA)
VALUES (1, 'Porto Alegre', 'RS');

INSERT INTO CC105613.CIDADES(ID_CIDADE, NOME, UNIDADE_FEDERATIVA)
VALUES (2, 'São Paulo', 'SP');

INSERT INTO CC105613.CIDADES(ID_CIDADE, NOME, UNIDADE_FEDERATIVA)
VALUES (3, 'Rio de Janeiro', 'RJ');



INSERT INTO CC105613.DISTANCIAS(ID_CIDADE_PARTIDA, ID_CIDADE_CHEGADA, DISTANCIA)
VALUES (1, 2, 100);

INSERT INTO CC105613.DISTANCIAS(ID_CIDADE_PARTIDA, ID_CIDADE_CHEGADA, DISTANCIA)
VALUES (2, 3, 100);



INSERT INTO CC105613.ENTREGAS (ID_ENTREGA, VALOR, DATA_CHEGADA, DATA_SAIDA, ID_CIDADE_PARTIDA, PLACA, ID_CIDADE_CHEGADA, ID_CLIENTE)
VALUES (1, 1000, TO_DATE('12/06/2022', 'dd/mm/yyyy'), TO_DATE('20/05/2022', 'dd/mm/yyyy'), 1, 'ABC1234', 2, 3);

INSERT INTO CC105613.ENTREGAS (ID_ENTREGA, VALOR, DATA_CHEGADA, DATA_SAIDA, ID_CIDADE_PARTIDA, PLACA, ID_CIDADE_CHEGADA, ID_CLIENTE)
VALUES (2, 1000, TO_DATE('01/06/2022', 'dd/mm/yyyy'), TO_DATE('20/05/2022', 'dd/mm/yyyy'), 1, 'ABC1234', 2, 3);

INSERT INTO CC105613.ENTREGAS (ID_ENTREGA, VALOR, DATA_CHEGADA, DATA_SAIDA, ID_CIDADE_PARTIDA, PLACA, ID_CIDADE_CHEGADA, ID_CLIENTE)
VALUES (3, 1000, TO_DATE('01/06/2022', 'dd/mm/yyyy'), TO_DATE('20/05/2022', 'dd/mm/yyyy'), 1, 'DEF5678', 2, 3);

INSERT INTO CC105613.ENTREGAS (ID_ENTREGA, VALOR, DATA_CHEGADA, DATA_SAIDA, ID_CIDADE_PARTIDA, PLACA, ID_CIDADE_CHEGADA, ID_CLIENTE)
VALUES (4, 1000, TO_DATE('01/06/2022', 'dd/mm/yyyy'), TO_DATE('20/05/2022', 'dd/mm/yyyy'), 1, 'ABC1234', 2, 3);

INSERT INTO CC105613.ENTREGAS (ID_ENTREGA, VALOR, DATA_CHEGADA, DATA_SAIDA, ID_CIDADE_PARTIDA, PLACA, ID_CIDADE_CHEGADA, ID_CLIENTE)
VALUES (5, 1000, TO_DATE('01/06/2022', 'dd/mm/yyyy'), TO_DATE('20/05/2022', 'dd/mm/yyyy'), 1, 'DEF5678', 2, 3);

INSERT INTO CC105613.ENTREGAS (ID_ENTREGA, VALOR, DATA_CHEGADA, DATA_SAIDA, ID_CIDADE_PARTIDA, PLACA, ID_CIDADE_CHEGADA, ID_CLIENTE)
VALUES (6, 1000, TO_DATE('01/06/2022', 'dd/mm/yyyy'), TO_DATE('20/05/2022', 'dd/mm/yyyy'), 1, 'ABC1234', 2, 1);

INSERT INTO CC105613.ENTREGAS (ID_ENTREGA, VALOR, DATA_CHEGADA, DATA_SAIDA, ID_CIDADE_PARTIDA, PLACA, ID_CIDADE_CHEGADA, ID_CLIENTE)
VALUES (7, 1000, TO_DATE('01/06/2021', 'dd/mm/yyyy'), TO_DATE('20/05/2021', 'dd/mm/yyyy'), 1, 'ABC1234', 2, 2);



INSERT INTO CC105613.MOTORISTAS (CNH, DATA_CONTRATACAO, NOME, SALARIO)
VALUES (123456789, TO_DATE('20/05/2022', 'dd/mm/yyyy'), 'Miguel Abrams', 1500);

INSERT INTO CC105613.MOTORISTAS (CNH, DATA_CONTRATACAO, NOME, SALARIO)
VALUES (223456785, TO_DATE('20/05/2022', 'dd/mm/yyyy'), 'Pedro Alves', 1500);



INSERT INTO CC105613.CONDUCOES (ID_ENTREGA, CNH)
VALUES (1, 123456789);

INSERT INTO CC105613.CONDUCOES (ID_ENTREGA, CNH)
VALUES (2, 223456785);

INSERT INTO CC105613.CONDUCOES (ID_ENTREGA, CNH)
VALUES (3, 123456789);

INSERT INTO CC105613.CONDUCOES (ID_ENTREGA, CNH)
VALUES (4, 223456785);

INSERT INTO CC105613.CONDUCOES (ID_ENTREGA, CNH)
VALUES (5, 123456789);

INSERT INTO CC105613.CONDUCOES (ID_ENTREGA, CNH)
VALUES (6, 223456785);

INSERT INTO CC105613.CONDUCOES (ID_ENTREGA, CNH)
VALUES (7, 123456789);



INSERT INTO CC105613.SEGURADORAS(NUMERO_SEGURADORA, NOME)
VALUES (1, 'Connect Seguradora');

INSERT INTO CC105613.SEGURADORAS(NUMERO_SEGURADORA, NOME)
VALUES (2, 'Grupo Anjos da Guarda');



INSERT INTO CC105613.APOLICES(ID_APOLICE, NUMERO_SEGURADORA, ID_CLIENTE, ID_ENTREGA, VALOR_PREMIO, VALOR_FRANQUIA)
VALUES (1, 1, 3, 1, 1000000, 1000);

INSERT INTO CC105613.APOLICES(ID_APOLICE, NUMERO_SEGURADORA, ID_CLIENTE, ID_ENTREGA, VALOR_PREMIO, VALOR_FRANQUIA)
VALUES (2, 2, 4, 2, 100000, 1000);

INSERT INTO CC105613.APOLICES(ID_APOLICE, NUMERO_SEGURADORA, ID_CLIENTE, ID_ENTREGA, VALOR_PREMIO, VALOR_FRANQUIA)
VALUES (3, 1, 3, 3, 1000000, 1000);

INSERT INTO CC105613.APOLICES(ID_APOLICE, NUMERO_SEGURADORA, ID_CLIENTE, ID_ENTREGA, VALOR_PREMIO, VALOR_FRANQUIA)
VALUES (4, 2, 4, 4, 1000, 1000);

INSERT INTO CC105613.APOLICES(ID_APOLICE, NUMERO_SEGURADORA, ID_CLIENTE, ID_ENTREGA, VALOR_PREMIO, VALOR_FRANQUIA)
VALUES (5, 1, 3, 5, 1000, 1000);


INSERT INTO CC105613.ITENS (ID_ITEM, DESCRICAO, PESO, LARGURA, COMPRIMENTO, ALTURA)
VALUES (1, 'Caixa de papelão', 1.00, 1.20, 1.20, 10.20);
INSERT INTO CC105613.ITENS (ID_ITEM, DESCRICAO, PESO, LARGURA, COMPRIMENTO, ALTURA)
VALUES (2, 'Embaladora automática', 115.00, 4.00, 3.50, 1.40);
INSERT INTO CC105613.ITENS (ID_ITEM, DESCRICAO, PESO, LARGURA, COMPRIMENTO, ALTURA)
VALUES (3, 'Aspirador robô', 5.00, 0.40, 0.40, 0.20);
INSERT INTO CC105613.ITENS (ID_ITEM, DESCRICAO, PESO, LARGURA, COMPRIMENTO, ALTURA)
VALUES (4, 'Esteira semi-automática', 240.00, 10.00, 1.20, 0.50);
INSERT INTO CC105613.ITENS (ID_ITEM, DESCRICAO, PESO, LARGURA, COMPRIMENTO, ALTURA)
VALUES (5, 'Barril de ácido hidroclórico', 2.00, 10.00, 10.00, 10.00);



INSERT INTO CC105613.CATEGORIAS_ITEM(ID_CATEGORIA, DESCRICAO)
VALUES (1, 'Maquinário');

INSERT INTO CC105613.CATEGORIAS_ITEM(ID_CATEGORIA, DESCRICAO)
VALUES (2, 'Logística');

INSERT INTO CC105613.CATEGORIAS_ITEM(ID_CATEGORIA, DESCRICAO)
VALUES (3, 'Materiais químicos');



INSERT INTO CC105613.CATEGORIZACOES(ID_ITEM, ID_CATEGORIA)
VALUES (1, 2);

INSERT INTO CC105613.CATEGORIZACOES(ID_ITEM, ID_CATEGORIA)
VALUES (2, 1);

INSERT INTO CC105613.CATEGORIZACOES(ID_ITEM, ID_CATEGORIA)
VALUES (3, 1);

INSERT INTO CC105613.CATEGORIZACOES(ID_ITEM, ID_CATEGORIA)
VALUES (4, 1);

INSERT INTO CC105613.CATEGORIZACOES(ID_ITEM, ID_CATEGORIA)
VALUES (5, 3);



INSERT INTO CC105613.REMESSAS (ID_ITEM, ID_ENTREGA, VALOR_DECLARADO)
VALUES (1, 1, 1000.00);

INSERT INTO CC105613.REMESSAS (ID_ITEM, ID_ENTREGA, VALOR_DECLARADO)
VALUES (2, 2, 1000.00);

INSERT INTO CC105613.REMESSAS (ID_ITEM, ID_ENTREGA, VALOR_DECLARADO)
VALUES (3, 3, 1000.00);

INSERT INTO CC105613.REMESSAS (ID_ITEM, ID_ENTREGA, VALOR_DECLARADO)
VALUES (4, 4, 1000.00);

INSERT INTO CC105613.REMESSAS (ID_ITEM, ID_ENTREGA, VALOR_DECLARADO)
VALUES (5, 5, 1000.00);

INSERT INTO CC105613.REMESSAS (ID_ITEM, ID_ENTREGA, VALOR_DECLARADO)
VALUES (5, 6, 1000.00);

INSERT INTO CC105613.REMESSAS (ID_ITEM, ID_ENTREGA, VALOR_DECLARADO)
VALUES (1, 7, 1000.00);



INSERT INTO ENDERECOS(ID_ENDERECO, CEP, RUA, NUMERO, BAIRRO, CIDADE, UNIDADE_FEDERATIVA, ID_CLIENTE)
VALUES (1, 12345678, 'Rua dos Alcântaras', 1030, 'Rio Branco', 'Porto Alegre', 'RS', 1);

INSERT INTO ENDERECOS(ID_ENDERECO, CEP, RUA, NUMERO, BAIRRO, CIDADE, UNIDADE_FEDERATIVA, ID_CLIENTE)
VALUES (2, 12345678, 'Rua Silveira', 201, 'Petrópolis', 'Porto Alegre', 'RS', 2);

INSERT INTO ENDERECOS(ID_ENDERECO, CEP, RUA, NUMERO, COMPLEMENTO, BAIRRO, CIDADE, UNIDADE_FEDERATIVA, ID_CLIENTE)
VALUES (3, 12345678, 'Rua Doutor Henrique', 302, 340, 'Cidade Baixa', 'Porto Alegre', 'RS', 3);

INSERT INTO ENDERECOS(ID_ENDERECO, CEP, RUA, NUMERO, COMPLEMENTO, BAIRRO, CIDADE, UNIDADE_FEDERATIVA, ID_CLIENTE)
VALUES (4, 12345678, 'Rua Ivo Soares', 1020, 705, 'Vila Mariana', 'São Paulo', 'SP', 4);



INSERT INTO PROTOCOLOS_SEGURANCA(ID_PROTOCOLO_SEGURANCA, DESCRICAO)
VALUES (1, 'Inflamável');

INSERT INTO PROTOCOLOS_SEGURANCA(ID_PROTOCOLO_SEGURANCA, DESCRICAO)
VALUES (2, 'Corrosivo');

INSERT INTO PROTOCOLOS_SEGURANCA(ID_PROTOCOLO_SEGURANCA, DESCRICAO)
VALUES (3, 'Eletrônico');

INSERT INTO PROTOCOLOS_SEGURANCA(ID_PROTOCOLO_SEGURANCA, DESCRICAO)
VALUES (4, 'Maquinário Pesado');



INSERT INTO INSPECOES(ID_PROTOCOLO_SEGURANCA, ID_ITEM, DATA)
VALUES (1, 1, TO_DATE('02/10/2021', 'dd/mm/yyyy'));

INSERT INTO INSPECOES(ID_PROTOCOLO_SEGURANCA, ID_ITEM, DATA)
VALUES (4, 2, TO_DATE('03/05/2021', 'dd/mm/yyyy'));



INSERT INTO LICITACOES(INDICE_LICITACAO, ID_ITEM, ORGAO_FISCALIZADOR, DATA_LICITACAO)
VALUES (1, 1, 'ABNT', TO_DATE('01/05/2021', 'dd/mm/yyyy'));

INSERT INTO LICITACOES(INDICE_LICITACAO, ID_ITEM, ORGAO_FISCALIZADOR, DATA_LICITACAO)
VALUES (2, 2, 'STMTJ', TO_DATE('01/05/2020', 'dd/mm/yyyy'));



INSERT INTO TELEFONES(ID_TELEFONE, DDD, NUMERO, ID_CLIENTE)
VALUES (1, 51, 12345678, 1);

INSERT INTO TELEFONES(ID_TELEFONE, DDD, NUMERO, ID_CLIENTE)
VALUES (2, 51, 12345678, 2);

INSERT INTO TELEFONES(ID_TELEFONE, DDD, NUMERO, ID_CLIENTE)
VALUES (3, 51, 12345678, 3);

INSERT INTO TELEFONES(ID_TELEFONE, DDD, NUMERO, ID_CLIENTE)
VALUES (4, 51, 12345678, 4);

COMMIT;
